Subcategory,ID,Question,"Main Score
(1 if its part of the score; 0 if is not)",Responses ,Calculate Score (1-Biosecurity/0-risk),Risk Factor -Transmission Pathway,"Risk Factor Classification: Introduction, spread within and release diseases",Recommended Biosecurity Measure,COMMENTS
Facility General information ,Facility_Name, Facility name ,0,Open question,,,,,
Facility General information ,Location,Location (Country and municipality) ,0,Open question,,,,,
Facility General information ,Latitude_and_Longitude,Latitude and Longitude,0,Open question,,,,,
Facility General information ,Respondent_name, Name of respondent,0,Open question,,,,,
Facility General information ,Email,Email adress,0,Open question,,,,,
Facility General information ,respondent_role,What is the respondent’s role on the facility? (Select all that apply),0,Owner; Manager; Worker; Veterinarian; Aquatic animal health professional; Other,,,,,
Facility General information ,Respondent_s_Gender,Respondent's Gender,0,Female; male; Gender variant/non-conforming; prefer not answer,,,,,
Facility General information ,Respondent_education,Respondent education level,0,None or some primary school; primary school; Secondary/ high school; Vocational training; technical college; univeristy; Post-graduate,,,,,
Facility General information ,Respondent_experience,Respondent year of experience in aquaculture,0,Less than 2 years; Between 2 to 5 years; Between 5 to 10 years; More than 10 years,,,,,NEW
Facility General information ,Years_operation, How long has the facility been in operation?,0,Less than 2 years; Between 2 to 5 years; Between 5 to 10 years; More than 10 years,,,,,
Facility General information ,Type_production, What is the type of production in the facility? (Select all that apply),0,Hatchery; Broodstock ; Frying; Grow-out; Whole Cycle; Wildlife breeding establishment ,,,,,
Facility General information ,Production_system,What the production system does the facility use? (Select all that apply),0,Earthen Ponds; Concrete Ponds; Flow-through tanks; Aquaponics thanks/raceways; Raceways; Cages; Recirculatory Aquaculture System (RAS); In-Pond Raceway Systems-IPRS,,,,,
Facility General information ,Based,Where is the facility located? (Select all that apply),0,"On land; Water bodies (rivers, lakes); Dam (reservoirs); Sea ",,,,,
Facility General information ,Operated_outdoor,"If on land, does the facility have any part of its production conducted outdoors?",0,Yes;No,,,,,
Facility General information ,Which_species_are_cultured_in_,Which species are cultured in this facility? (Select all that apply),0,Tilapia;Catfish;Carp;Salmon;Trout;Shrimp;Other,,,,,
Facility General information ,Please_list_any_other_species_,Please list any other species cultured in the facility that are not mentioned in previous question,,Open question,,,,,
Facility General information ,Market,What is the main market of the Aquatic Animals?,0,Own consumption; Local market; Regional market; National market; Export ,,,,,
Facility General information ,Type_retails,Type of retail (s) (Select all the possible options),0,Larger stores; Own outlets; Middlemen; Wholesales; Restaurants (Direct sales); Live animals markets; Regional/locals markets; production farm,,,,,
1. Risk Factors related to environment and surrounding areas / External,_1_1,Are there any active aquatic animal production facilities within a 10 km radius of this facility? ,1,Yes,0,The presence of aquatic animal production facilities within a 10 km radius of the farm increases the risk of disease transmission between sites,Introduction and release,"Cages: assess the feasibility of increasing the distance between sites. Alternatively, coordinate production and hasvest cycles by implementing all-in/all-out system and synchronized fallowing period.
Land facilities: Assess the potential disease transmision patways and implement mitigation measures, speciffically addressing the identyed risk pathways such as common routes and water sources",
,,,, No,1,,,,
,,,,Do not know,0,The lack of knowledge regarging nerby aquatic animals production facilities leads to an underestimation of the risk of disease transmision between sites ,Introduction and release,"Identify all existing aquatic animal production sites within 10 km radious the facility. If any are present, assess the potencial pathways to intruction of diseases and implement measures as restrictions to avoid free acces of persons, animals and vehicles, water source identification, monitoring and treatment.",
1. Risk Factors related to environment and surrounding areas / External,_1_2," If yes, how Many",0,Open question,,,,,
1. Risk Factors related to environment and surrounding areas / External,_1_3,Are the facilities boundaries clearly marked with signs?,1,Yes ,1,,,,
,,,,No,0,"Introduction of diseases via unrestricted movement of people, equipment and vehicles, and uncontroled acces to the animals and production areas",Introduction and release,"To have clear bounderies that visibly mark the facility's perimeter. For cage production, use buoys, demarcation lines or navigation markers to vizually identiy the production area and enrure it remains withion approved zones. For land-based facilities, boundaries should be defined using fences, walls, trenches or any other physical markers to clearly separate the property from the surrounding area",
1. Risk Factors related to environment and surrounding areas / External,_1_4,Are the different production areas clearly marked with signs?,1,Yes,1,,,,deberiamos mover esta pregunta a Medidas Internas?
,,,,No,0,Disease spread between production zones,Spread within,"Clearly label each production area with its name and specific acces restictions or entrance protocols. Additionally, implement a directional flow of people moving from lower-risk to higher-risk areas (e.g.,  from the hatchery to firgerlings units, and finally to grow-out ponds).",
1. Risk Factors related to environment and surrounding areas / External,_1_5,Does the facility have a sanitaty system including handwashing and disinfection footwear at the entrance?,1,Yes ,1,,,,
,,,,No,0,"Introduction of pathogens through contaminated clothing, footwear, and hands of visitors entering the facility",Introduction,"Install footbaths and hand-washing stations at all facility entry points. these stations must allow personnel and visitors to properly clean and disinfect their hands and footwear. They should be constructed from non- porous materials resistant to corrosive desinfectants, such as plastic, concrete or alumnium. These units may be custom-built or artisanal, as long as they facilitate effective disfection protocols adapated to the volume of people at the property
 When necessary and feasible, providing site-specific boots or shoe covers for exclusive use whitin the facility can further decrease the risk of patogen entry.",
2.Risk factors related to Introduction of all life stages of aquatic animals / External,_2_1,Does the facility introduce aquatic animals?,1,Yes,0,Introduction of pathogens via the movement of live animals at all stages,Introduction,Minimize the intrroduction of live animals at all stages as much as possible. when introductions are necessary implement mitigation measures such as diagnostic testing and mandatory quaratine.  Animals must only be sourced from verified and trsuted origins qith a proven health status.,
,,,,No,1,,,,
2.Risk factors related to Introduction of all life stages of aquatic animals / External,_2_2,"How many times have aquatic animals (eggs, larvae, fry, or adults) been received in the past 12 months?",0,1-2; 3-4; five or more; No aquatic animals have been received in the facility on the last 12 months,,The frequency of introduccitions and combine stock from different origins significantly increase the risk of  pathogen introduction and internal spread,Introduction and spread within,"Minimize the introducction of animals at all stages. Organize the culture system to ensure that production and animal movement within the facility are efficient and secure. Avoid combining animals from different origins, life stages or sanitary statuses",
2.Risk factors related to Introduction of all life stages of aquatic animals / External,_2_3,What aquatic animals are introduced into the facility? (Select all that apply),0,Eggs; Milt; Spermatophores; Broodstock; Larvae; Fry/ fingerlings; Juvenile stock,,No risk factor associated with this question. Question intented to collect information related the stages introduced ,,,
2.Risk factors related to Introduction of all life stages of aquatic animals / External,_2_4,"Are all required official permits, licenses, and registrations obtained prior acquiring eggs, fry, or adult aquatic animals?",1,Yes;,1,,,,
,,,, No; ,0,Introduction of pathogens via the movement of live animals at all stages when sourced from non-fomalized or unregulated establishments,Introduction,"All necesary permits, registrations, and licences requrired by national or international regulations must be verified prior to acquiring live aquatic animals at any stage. This documentation must be maintained archived and accessible to ensure traceability during sanitary inspections",
2.Risk factors related to Introduction of all life stages of aquatic animals / External,_2_5,"Is health status documentation required prior to purchasing eggs, fry, or adult aquatic animals?",1,Yes,1,,,,
,,,,No,0,Introduction of pathogens via the movement of live animals at all stages when purchased with an unverified or unknown health status,Introduction,"Health status documentation such as sanitary movement permits, diagnostic test results,  Specific Pathogen-Free (SPF) or disease-free certifications must be required for all incoming animals and their farm of origin. This documentation must be Maintained in the facility records and integrated with the traceability system to guarantee the origen and health status of each batch ",
2.Risk factors related to Introduction of all life stages of aquatic animals / External,_2_6,Does the documentation of the health status cover the following agents? (Select all that apply),0,Bacterial infections; Viral infections; Parasitic infections; Fungal infections ,,"No risk factor associated with this question, the question is intended to collect more information about the documentation requested",,,
2.Risk factors related to Introduction of all life stages of aquatic animals / External,_2_7,Is quarantine applied when receiving aquatic animals?,1,Yes,1,,,,
,,,,No,0,Introduction of pathogens via the movement of live animals at all stages,Introduction and spread within,"All new aquatic animals must be isolated from the existing stock for a minimum of 15 days. During this period, animals should be observed tfor abnormal behaviour and clinical signs of disease before being introduced to the main production area. For cage systems, quarantine must be conducted in land-based facilties or at the farm of origin.  In these cases, the batch mustbe be kept isolated for at least 15 days, and the sanitary status must be verified through inspections and supporting documentation.",
2.Risk factors related to Introduction of all life stages of aquatic animals / External,_2_8,Are the quarantine facilities cleaned and disinfected before the arrival of aquatic animals?,1,Yes,1,,,,"Made additional notes related to how develop and implement cleaning and disfection SOPs for facilities, equiments and materials."
,,,,No,0,"Introduction and internal spread of pathogens via cross-contamination of surfaces, specifically from previous batches to new aquatic animals. ",Introduction and spread within,Implement cleaning and disinfection routinesin the quarantine area after each use and before new animals arrive at the facility to avoid cross-contamination beetween incoming batches,
2.Risk factors related to Introduction of all life stages of aquatic animals / External,_2_9,Is the quarantine zone separated from other production areas?,1,Yes,1,,,,
,,,,No,0,"Introduction and internal spread of pathogens through direct contact of new stock with existing animals, or via vontaminated wastewater discharged from the quarantine area",Introduction and spread within,"The quarantine area must be physically isolated from the rest of the production facility, with sufficient distance to prevent cross contamination. Furthermore,  wastewater discharged from quarantine thanks or ponds, must not be reused for cleaning or disfection, nor should it come intp contact with the general production stock.",
2.Risk factors related to Introduction of all life stages of aquatic animals / External,_2_10,"Are specific work clothes designated for the quarantine area, or are general work clothes cleaned and disinfected after use?",1,Yes,1,,,,
,,,,No,0,Introduction and internal spread of pathogens via fomites on the clothing or footwear used by facility personel,Introduction and spread within,"Clothing and footwear used by the personel in the quarantine area must be zone-specific. Alternatively, SOPs for their cleaning and disinfection must be implemented to prevent the trasmision of diseases via fomites from new stock to the main production area.",
2.Risk factors related to Introduction of all life stages of aquatic animals / External,_2_11,Which of the following actions are taken during quarantine to reduce the risk of disease introduction? (Select all that apply) ,1,Baths with salt,0.25,,,,
,,,,Vaccination,0.25,,,,
,,,,Eggs disinfection,0.25,,,,
,,,,Treatment for external parasites,0.25,,,,
,,,,Preventive antibiotic treatment ,0,Development of antimicrobial resistance (AMR) resulting from the prophylactic use of antibioticis in the absence of disease. ,Food safety,Anbiotics should not be used as a prophilactic measure,
,,,,No mitigation activities are applied,0,Introduction and internal spread of pathogens through live animals at all stages,Introduction and spread within,"In addition to the isolation and observation during the quaratine period, supllementary mitigation measures should be implementened to reduce the risk of disease introduction. This may include salt baths, vaccinations and parasite treatments (administratered as necessary according to the facility's health plan). Furthermore, all introduced eggs must be disinfected with iodine solutions at least twice.",
2.Risk factors related to Introduction of all life stages of aquatic animals / External,_2_12,Are the aquatic animals screened for diseases of concern after arrival?,1,Yes,1,,,,
,,,,No,0,Introduction of pathogens via asymtomatic animals (healthy carriers),Introduction and spread within,"Based on a disseasee risk assessment identifying pathogens of concern, diagnostic screening should be conducted to prevent transmission from asymtomatic (apparently healthy) animals. Disease prioritization must include WOAH-listed diseases and nationally regulated diseases specific to the cultured species and stages.",
2.Risk factors related to Introduction of all life stages of aquatic animals / External,_2_13,"Is there a traceability system in place with individual or group identification for each batch, where the origin of the animals is documented?",1,Yes,1,,,,
,,,,No,0,"Introduction and internal spread of pathogens through the introduction of new aquatic animals and the mixing of stocks from different origins. If a disease is detected from a specific source but batches cannot be tracked, the infection can spread rapidly thoughout the facility",Introduction and spread within,Implement  a traceability systems (using either physical records or mangement sofware) to identify the location and origen of every batch or individual animal (such as broodstock) within the facility. These records must clarly document the source and current placement of every batch.,
 3. Risk factors related to source of water and its quality / External,_3_1,What water sources are used in the facility? (Select all that apply) ,0,Lake; River; Dam; Sea; Underground water; De-chlorinated municipal water; Artificial sea water,,"No risk factor associated with this question, the question is intended to collect more information about the water source used in the facility",,,
 3. Risk factors related to source of water and its quality / External,_3_2,Is the water source shared with other facilities?,1,Yes,0,Introduction of pathogens via shared water sources or hydological connectivity with nearby aquaculture facilities,Introduction ,"Avoid to sharing water sources with other facilities whenever possible. When this is not feasible, mitigation measures such as water treatment systems must be implemented at the intake. For cage production sites located in shared water bodies, a minimun safe distance of 10 km from neighboring facilities should be maintained.  ",
,,,,No,1,,,,
 3. Risk factors related to source of water and its quality / External,_3_3,"If yes, is there coordination between the facilities sharing the same water source for disease control?",1,Yes,1,,,,
,,,,No,0,Introduction of pathogens via shared water sources or hydological connectivity with nearby aquaculture facilities,Introduction,"Coordinate with neighboring facilities to implement shared biosecurity measures, such as all-in/all-out systems and synchronized fallowing Periods. Additionally, information regarding sanitary issues should be shared transparently to allow for the increasse of preventive measures when necessary.",
3. Risk factors related to source of water and its quality / External,_3_4,Is the intake water treated?,1,Yes,1,,,,Made additional notes related to how develop and implement water treatment SOPs
,,,,No,0,Introduction and internal spread of pathogens via influent water used within the production system,Introduction and spread within,"Implement intake water treatment using physical and/or chemical processess, either alone or in combination. The specific treatment method should be selected based on the pathogens identified as risks to the facility",
 3. Risk factors related to source of water and its quality / External,_3_5," If yes, what type of treatment is applied? (Select all that apply)",1,Mechanical filtration (sand and gravels),0.2,,,,should we not score this question?. I propose to don’t score this question. The risk was already assessed in the last question
,,,,Biological filtration-Biofilter,0.2,Introduction and internal spread of pathogens via influent water used within the production system,Introduction and spread within,"Implement intake water treatment using physical and/or chemical processess, either alone or in combination. The specific treatment method should be selected based on the pathogens identified as risks to the facility",
,,,,Ultraviolet (UV) light treatment,0.2,,,,
,,,,Ozone treatment,0.2,,,,
,,,,Chlorination,0.2,,,,
3. Risk factors related to source of water and its quality / External,_3_6,Is the  wastewater treated before disponsal?,1,Yes,1,,,,
,,,,No,0,Realease pathogens via wastewater (effluernt) discharged from the production system,Release,"Implement wastewater treatment using physical and/or chemical process, either alone or in combination. The treatment merhod should be selected in accordance with the enviromental regulations, and the specific pathogens for which the facility aims to reduce the risk of transmission",
 3. Risk factors related to source of water and its quality / External,_3_7,"If yes, what type of treatment is applied to the wastewater? (Select all that apply)",1,Mechanical filtration (sand and gravels),0.2,,,,should we not score this question? I propose to don’t score this question. The risk was already assessed in the last question
,,,,Biological filtration-Biofilter,0.2,Realease pathogens via wastewater (effluernt) discharged from the production system,Release,"Implement wastewater treatment using physical and/or chemical process, either alone or in combination. The treatment merhod should be selected in accordance with the enviromental regulations, and the specific pathogens for which the facility aims to reduce the risk of transmission",
,,,,Ultraviolet (UV) light treatment,0.2,,,,
,,,,Ozone treatment,0.2,,,,
,,,,Chlorination,0.2,,,,
3. Risk factors related to source of water and its quality / External,_3_8,Are water parameters measured?,1,Yes,1,,,,
,,,,No,0,"Certain water parameters can facilitate the survival and transmision of pathongens. Furthermore, when these parameters fall outside of the optimal range for the cultured species, the resulting stress leads to Inmmunosupression, increasinh infection rates, mortality and the overall trasmision of the disease within the facility.","Introduction, spread within and release","Key water quality parameters, including disolved oxigen, pH, temperature, and turbidity must be monitoned consistently, at least once per week, with all data formally recorded. These measurements can be conducted using on-site equipments. Additionally, it is recommended to monitor additional parameters such as ammonia, nitrate, nitrite, alkalinity, and hardness on a seminanual or anual basis to evaluate trends and implement corrective acctions when necessary. ",
 3. Risk factors related to source of water and its quality / External,_3_9,"Which of the following water parameters are measured? 
(Select all that apply)",1,Temperature,0.2,,,,should we not score this question? I propose to don’t score this question. The risk was already assessed in the last question
,,,,Salinity,0.1,,,,
,,,,pH,0.1,,,,
,,,,Carbon dioxide,0.1,,,,
,,,,Oxygen,0.1,,,,
,,,,Ammonia,0.05,"Certain water parameters can facilitate the survival and transmision of pathongens. Furthermore, when these parameters fall outside of the optimal range for the cultured species, the resulting stress leads to Inmmunosupression, increasinh infection rates, mortality and the overall trasmision of the disease within the facility.","Introduction, spread within and release","Key water quality parameters, including disolved oxigen, pH, temperature, and turbidity must be monitoned consistently, at least once per week, with all data formally recorded. These measurements can be conducted using on-site equipments. Additionally, it is recommended to monitor additional parameters such as ammonia, nitrate, nitrite, alkalinity, and hardness on a seminanual or anual basis to evaluate trends and implement corrective acctions when necessary. ",
,,,,Nitrite,0.05,,,,
,,,,Nitrate,0.05,,,,
,,,,Total alkalinity,0.05,,,,
,,,,Total hardness,0.05,,,,
,,,,Calcium hardness,0.05,,,,
,,,,Chloride,0.05,,,,
,,,,Turbidity,0.05,,,,
 3. Risk factors related to source of water and its quality / External,_3_10,How often are the water parameters measured?,0,Daily,,"No risk factor associated with this question, the question is intended to collect more information about the frequency of water parameters monitored at the facility",,,
,,,,Once a week,,,,,
,,,,Once a month,,,,,
,,,,Periodically,,,,,
 3. Risk factors related to source of water and its quality / External,_3_11,cleaning and disinfection of water supply tanks? ,1,Yes,1,,,,
,,,,No,0,Transmision of pathogens via water by cross-contamination from the internal surfaces and linings of the water supply tanks,"Introduction, spread within and release",Implement routine cleaning and disinfection protocols for the water supply tanks to prevent cross-contamination amd buildup of biofilms,
,,,,Does not have water supply tank,(No-score) ,,,,
"4. Risk factors related to Fomites (vehicles and equiment for transport live aquatic animals, quarantine facilities, feed and supplies source and waste etc.) / External",_4_1,"What type of feed is used in the facility? 
(Select all that apply)",1,Commercial feed,1,,,,
,,,,farm-made feed,0,,,,
,,,,Food scraps,0,,,,
,,,,Raw or live feed,0,"The use of farm-made feed, food scraps, mortalities, feces, raw or live fish, as a feed can introduce and spread pathogens throughout the production facility.  ",Introduction,"Utilize comercial, balanced feed manufactured in accordance with Feed Manufacturing Practices. All feed should be sourced from trusted suppliers who provide certification for the quality and safety of the product.",
,,,,Mix of commercial and farm-made food,0,,,,
,,,,Mix of commercial and raw or live feed,0,,,,
,,,,Feces from other species,0,,,,
"4. Risk factors related to Fomites (vehicles and equiment for transport live aquatic animals, quarantine facilities, feed and supplies source and waste etc.) / External",_4_2,How is the feed administrated in the facility?,0,Feeding with automatic feeders; Hand feed; both,,"No risk factor associated with this question, the question is intended to collect information regarding feed administration methods ",,,
"4. Risk factors related to Fomites (vehicles and equiment for transport live aquatic animals, quarantine facilities, feed and supplies source and waste etc.) / External",_4_3,How is the feed transported to the facility?,1,Own vehicle,1,,,,One choice question
,,,,Feed company vehicle,1,,,,
,,,,Vehicles from other establishments (nearby establishments),0,Introduction of pathogens via fomites resulting from sharing of vehicles or transport equipment with other establishments,Introduction,"Avoid sharing vehicles with other establishments. When this is not possible, establish rigorous cleaning and disinfection procedures to mitigate the risk of introduction of pathogen introduction",
"4. Risk factors related to Fomites (vehicles and equiment for transport live aquatic animals, quarantine facilities, feed and supplies source and waste etc.) / External",_4_4,Are the following factors verified before receiving veterinary medicinal products? (Select all that apply),1,Feed quality,0.15,,,,
,,,,Package condition,0.15,,,,
,,,,"Aspects of each supply (color, odour, solubility, consistency",0.15,Introduction of pathogens via contaminated veterinary medicinal products and feed,Introduction," To prevent the use of contaminated veterinary medicinal products and feed, the following inputs must be inspected upon arrrival: verify packaging integrity, physical characteristics (color, odour, solubility, consistency), and expriration date. Furthermore, all products must be approved by the compentent authority.",
,,,, Approved by competent Authority,0.2,,,,
,,,,Expiration date,0.15,,,,
,,,,Contamination (different color/smell than usual),0.2,,,,
,,,,No parameters are verified,0,,,,
"4. Risk factors related to Fomites (vehicles and equiment for transport live aquatic animals, quarantine facilities, feed and supplies source and waste etc.) / External",_4_5,"Are the vehicles and containers used for transporting aquatic animals appropriate for the species, size, weight, and number of animals being transported?",1,Yes ,1,,,,
,,,,No,0,"Introduction of pathogens via fomites when using vehicles or containers that are inaddecuate for the specie and biomass being transported. Surface cross-contamination and physical lessons caused during transport can induce stress, leading to immunosupression and increased disease susceptibility",Introduction,"The vehicles and containers should be constructed from non-porous materials resistant to corrosive desinfectants, such as high-grade plastic, or alumnium. Additionally, their dimensions and design must be addequate for the species, quantity, and biomass being transported to prevent physical lessons or injury.",
"4. Risk factors related to Fomites (vehicles and equiment for transport live aquatic animals, quarantine facilities, feed and supplies source and waste etc.) / External",_4_6,"Are vehicles (trucks, boats) disinfected before entering the facility?",1,Yes,1,,,,
,,,,No,0,Introduction of pathogens via fomites when vehicles are not thoroughly disinfected prior to entering the facility,Introduction,"Implement routine cleaning and disinfection protocols for all vehicles (trucks, boats) entering the facility to prevent cross-contamination and the introduction of pathogens.",
"4. Risk factors related to Fomites (vehicles and equiment for transport live aquatic animals, quarantine facilities, feed and supplies source and waste etc.) / External",_4_7,"How often do vehicles (trucks, boats) arrive at the facility?",,Never,,,,,"score? One choice question
Should we ask this first if vehicles are allowed in the facility?, and then make a logic condition. when the answer is NO the following questions related with vehicles will be hided?"
,,,,Daily,,,,,
,,,,Weekly,,,,,
,,,,Monthly,,,,,
,,,,Rarely,,,,,
"4. Risk factors related to Fomites (vehicles and equiment for transport live aquatic animals, quarantine facilities, feed and supplies source and waste etc.) / External",_4_8,Is there a designated parking area for vehicles outside the production area?,1,Yes,1,,,,
,,,,No,0,Introduction of pathogens via fomites through close or direct contact between visiting vehicles and the stocked animals,Introduction,"Designate a specific parking area for all vehicles, including those delivering supplies. This area must be located outside the production zone and at an enough distance to prevent any contact with the stocked animals.",
"4. Risk factors related to Fomites (vehicles and equiment for transport live aquatic animals, quarantine facilities, feed and supplies source and waste etc.) / External",_4_9,Does the facility share equipment with other facilities?,1,Yes,0,,,,
,,,,No,1,Introduction of pathonges via fomites through the use of contamined equipment shared with other facilities,Introduction,"Equipment should not be shared with other facilities. In exceptional cases where sharing is necessary, the equipment must be thoroughly cleaned and disinfected both before and after use within the facility. ",
"4. Risk factors related to Fomites (vehicles and equiment for transport live aquatic animals, quarantine facilities, feed and supplies source and waste etc.) / External",_4_10,Which the following equipment and materials are shared with other facilities? (Select all that apply),0,Net spoon,,,,,
,,,,Aerators,,,,,
,,,,Feeding container,,,,,
,,,, Feeding equipment,,,,,
,,,,Siphon pipes,,No risk factor associated with this question. The question is intended to collect information regarding which equipment or materials are shared with other facilities,,,
,,,,Net production,,,,,
,,,,Container for mortality,,,,,
,,,,Diving equipment,,,,,
,,,,Staff security equipment/clothes,,,,,
"4. Risk factors related to Fomites (vehicles and equiment for transport live aquatic animals, quarantine facilities, feed and supplies source and waste etc.) / External",_4_11,Are shared equipment between facilities cleaned and disinfected?,1,"Yes, before and after use",1,,,,
,,,,"Yes, but only before it is used",0,,,,
,,,,"Yes, but only after it's used",0,Introduction of pathogens via fomites through the use of contamined equipment shared with other facilities,Introduction,"Equipment should not be shared with other facilities. In exceptional case that sharing is necessary, rigorous cleaning and disinfection routines must be implemented both before and after each use to prevent cross-contamination between facilities.",
,,,,No clean and disinfection of shared equipment,0,,,,
"4. Risk factors related to Fomites (vehicles and equiment for transport live aquatic animals, quarantine facilities, feed and supplies source and waste etc.) / External",_4_12,Is there separate equipment and materials for handling quarantined aquatic animals?,1,Yes,1,,,,
,,,,No,0,Introduction of pathogens via fomites when sharing equiment or materials beetween the quarantine area and the production stock,Introduction,Mantain exclusive equiment and materials for handling animals in the quarantine area. These items must not be used whitin the production stock to prevent transmision of pathogens,
"4. Risk factors related to Fomites (vehicles and equiment for transport live aquatic animals, quarantine facilities, feed and supplies source and waste etc.) / External",_4_13,Are the boxes and bags used to transport live animals disinfected before disposal?,1,Yes,1,,,,
,,,,No,0,Introduction pathogens via fomites through improper handling of used transport boxes and bags,Introduction,"Before disposal, all bags and boxes used for live animal transport must be thoroughly disinfected to prevent cross-contamination",
,,,,Does not apply because boxes and bags are no used for animal transportation,(No-score) ,,,,
"4. Risk factors related to Fomites (vehicles and equiment for transport live aquatic animals, quarantine facilities, feed and supplies source and waste etc.) / External",_4_14,Are the boxes and bags used to transport live animals reused before disposal?,1,Yes,0,Introduction of pathogens via fomites through the reuse of boxes and bags that were previusly used to transport live animals,Introduction,"Boxes and bags used to transport live animals must be discarted and disposed of after each use. A single use protocol  must be implemented; to prevent reuse, ensure all nags are punctured and boxes are broken down during the disposal process.",
,,,,No,1,,,,
,,,,Does not apply because boxes and bags are no used for animal transportation,(No-score) ,,,,
"4. Risk factors related to Fomites (vehicles and equiment for transport live aquatic animals, quarantine facilities, feed and supplies source and waste etc.) / External",_4_15,Are the containers used to transport live animals disinfected before and after use?,1,Yes,1,,,,
,,,,No,0,Introduction of pathongens via fomites through contaminated surfaces of vehicles where live animals are transported,Introduction,Implement strict cleanining and disinfecion routines for all  internal and contac surfaces of vehcicles where the live animals are transported. This process must be conducted both before and after each use. ,
,,,,Does not apply because containers are no used for animal transportation,(No-score) ,,,,
5. Risk factors related to Vectors (animals and wildlife) / External,_5_1,"Does the facility have barriers (natural or constructed) or fencing to prevent the entry of potential vectors, such as animals and wildlife, that could introduce new pathogens?",1,Yes ,1,,,,
,,,,No,0,"Introduction of pathogens via vectors, such as domestic animals or wildlife, through direct or indirect contact with the production stock",introduction,"To have physical or natural barriers, such as fencing, to prevent the  entry of potential vectors, such as animals and wildlife, that could introduce pathogens into the facility.",
5. Risk factors related to Vectors (animals and wildlife) / External,_5_2,Are inspections conducted to check for pests and predators?,1,Yes,1,,,,
,,,,No,0,Introduction and internal spread of pathogens via pest or predators. These animals also pose a welfare risk to the aquatic animals by causing physical lessons or direct mortality ,Introduction,"Inspect the production area, storage rooms, and surrounding perimeter routinely, to identify pest or predators that could pose a risk to disease transmisio and animal welfare",
5. Risk factors related to Vectors (animals and wildlife) / External,_5_3,Are nets in place to prevent birds from accessing the animals?,1,Yes ,1,,,,
,,,,No,0,"Introduction of pathogens and welfare issuesm such as skin lessions or direct mortality, caused by predatory birds",Introduction,"Install predaror netting over all cages, ponds, and tanks to prevent avian predators access to the aquatic animals.",
5. Risk factors related to Vectors (animals and wildlife) / External,_5_4,"Are there pets (cats, dogs, etc.) on the facilities?",0,Yes,0,Introduction and internal spread of pathogens via pets,Introduction,"Restrict the presence and movement of pets within the facility. Any domectic animal on-site must be routinely dewormed and prohibited from having contact with the aquatic animals, feed, equiment or materials that como into contact with the stock.",
,,,,No,1,,,,
5. Risk factors related to Vectors (animals and wildlife) / External,,"If pets (cats, dogs, etc.) live on the facilities is their access to the production area restricted?",1,Yes,1,,,,ERASED / Revise with saraya 
,,,,No,0,Introduction and internal spread of pathogens via pets,introduction,"Restrict the presence and movement of pets within the facility. Any domectic animal on-site must be routinely dewormed and prohibited from having contact with the aquatic animals, feed, equiment or materials that como into contact with the stock.",
,,,,"Does not apply, because no pets live in the facilities",(No-score) ,,,,
5. Risk factors related to Vectors (animals and wildlife) / External,,"If pets (cats, dogs, etc.) live on the facilities are they vaccinated and dewormed?",1,Yes,1,,,,ERASED /Revise with saraya 
,,,,No,0,Introduction and internal spread of pathogens via pets,introduction,"Restrict the presence and movement of pets within the facility. Any domectic animal on-site must be routinely dewormed and prohibited from having contact with the aquatic animals, feed, equiment or materials that como into contact with the stock.",
,,,,"Does not apply, because no pets live in the facilities",(No-score) ,,,,
5. Risk factors related to Vectors (animals and wildlife) / External,_5_5,"Is aquatic animal waste (e.g., dead animals, entrails of slaughtered animals unsuitable for human consumption) kept away from predators and scavengers?",1,Yes ,1,,,,
,,,,No,0,Introduction and internal spread of pathogens via infected animal waste and through predators and scavengers acting as biological or mechanical vectors ,Introduction and spread within,"Aquatic animal waste (e.g., dead animals, entrails from slaughtered animals unsuitable for human consumption) must be stored propperly to prevent access by predators and scavenger before to final disposal.",
5. Risk factors related to Vectors (animals and wildlife) / External,_5_6,"How is organic waste (fecal matter, uneaten feed, unfertilized eggs) managed at the facility? (Select all that apply) ",1,Buried in the ground,1,,,,"Yes/No Score for posible correct answers
Multiple choice question"
,,,,collection for final disposal outside the facility,1,,,,
,,,,Siled with acids,1,,,,
,,,,Used to feed other fish/animals,0,Internal spread and release of pathogens via infected organic waste utilized as feed,Spread within and release,"Organic waste must not be used as feed, either alone or in combination. ",
,,,,Released to water source,0,Release of pathogens into the surrounding aquatic enviroment,Release,"Organic waste must not be released to any water source. This prevents the contaminatrion of water, affecting wild populations, neighbouring aquaculture facilities and downstream human users",
5. Risk factors related to Vectors (animals and wildlife) / External,_5_7,Are pest control measures in place at the facility?,1,Yes,1,,,,
,,,,No,0,"Introduction and internal spread of pathogens via pests. These animals also pose a welfare risk to the aquatic animals, as they can cause physical lesions or direct mortality.",Introduction and spread within,"Implement physical or chemical pest control measures selected based on the identified pest species,the level of infestation, and the specific facilty conditions. Exclusion measures must be applied to storerooms to prevent rodent entry. In particular, the use of natural predators (such as cats or snakes) is not a valid biosecuriy measure, as these animals themselves pose a risk for disease transmission.",
6. Risk Factors related to personnel and visitors / External,_6_1,Do the facility personnel visit other aquaculture facilities?,1,Yes,0,Introduction of pathogens via personnel who have recently visited other aquaculture facilities ,Introduction,Personnel should be prohibited from visiting other aquaculture facilities to prevent cross contamination.,One choice question
,,,,No,1,,,,
,,,,Don’t know,0,Introduction of pathogens via personnel who have recently visited other aquaculture facilities ,Introduction,Personnel should be prohibited from visiting other aquaculture facilities to prevent cross contamination.,
6. Risk Factors related to personnel and visitors / External,_6_2,What procedures are required for personnel before entering the Production facility? (Select all that apply) ,1,Use protective clothes,0.25,,,,
,,,,Change of shoes,0.25,,,,
,,,,Footbath with disinfectant,0.25,,,,
,,,,Hand Disinfection,0.25,,,,
,,,,None,0,"Introduction of pathogens via contaminated clothing, footwear, or hands of the personnel",Introduction,Provide exclusive clothing and footwear for personnel working in the production area. It is also essential to use protective clothing and equipment appropiate for the assigned task to mitigate personnel safety risks. Personnel must routinely use footbaths and hand-washing stations at all facility and production area entry points. ,
6. Risk Factors related to personnel and visitors / External,_6_3,"When is handwashing required for personnel? (Select all that apply) 
",1,Before entering the facilities,0.2,,,,
,,,,Before to begin the daily activities,0.2,,,,
,,,,Before entering each production area,0.2,,,,
,,,,"After handling sick, moribund or dead animals",0.2,,,,
,,,,After handling animals in the quarantine zone,0.2,,,,
,,,,Never,0,Introduction and internal spread of pathogens via contaminated hands of the personnel,Introduction and spread within,"Had-washing routines within the facility must be established and strictly followed. It is recommended that personnel wash their hands before entering the faciltiies, before begining daily activities, and when entering to a new production area. Adittionally, hands must be washed after handling sick, moribud or dead animals, and after working in the quarantine zone.",
,,,,Do not know,0,,,,
6. Risk Factors related to personnel and visitors / External,_6_4,Is the protective clothing washed and disinfected?,1,Yes,1,,,,
,,,,No,0,Introduction and internal spread of pathogens via contaminated clothes,Introduction and spread within,Protective clothing used within the facility by personel should be washed and disinfected routinely. ,
6. Risk Factors related to personnel and visitors / External,_6_5,Are visitors allowed to the facility?,0,Yes,,Introduction and internal spread of pathogens via fomites during visitor entry to the facility ,Introduction and spread within,"Visitors acces should be restricted as much as possible. Upon entry, all visitors must follow the established biosecurity procedures to prevent the introduction of pathogens",should we score this question?
,,,,No,,,,,
6. Risk Factors related to personnel and visitors / External,_6_6,What procedures are required for visitors before entering the facility? (Select all that apply) ,1,Use protective clothes,0.25,,,,
,,,,Change of shoes,0.25,,,,
,,,,Footbath with disinfectant,0.25,,,,
,,,,Hand Disinfection,0.25,,,,
,,,,None,0,Introduction and internal spread of pathogens via fomites during visitor entry to the facility ,Introduction and spread within,"Biosecurity procedures must be established for visitors entering the facility, including the mandatory use of footbaths and hand-wahing stations at all facility  and production area entry points. Additionally, it is recomended to provide exclusive or disposable clothing and footwear for any visitors entering the production area.",
6. Risk Factors related to personnel and visitors / External,_6_7,Do visitors receive information about biosecurity procedure for visitors?,1,Yes ,1,,,,
,,,,No,0,Introduction and internal spread of pathogens via fomites during visitor entry to the facility ,Introduction and spread within,"Before entering the facilities, visitors must be informed of the implemented biosecurity procedures, any site restrictions, and the required code of conduct durning their visit.",
6. Risk Factors related to personnel and visitors / External,_6_8,Is it prohibited for visitors to be in close contact with or handle aquatic animals?,1,Yes ,1,,,,
,,,,No,0,Introduction and internal spread of pathogens via fomites when visitors have direct contact with the animals,Introduction and spread within,Visitors must not be allowed to be in direct or close contact with the animals,
6. Risk Factors related to personnel and visitors / External,_6_9,Do visitors document the names of other facilities they have visited or declare no prior visits before arriving at the facility?,1,Yes,1,,,,
,,,,No,0,Introduction and internal spread of pathogens via fomites during visitor entry to the facility ,Introduction and spread within,Record all visits to the facility and register whether visitors have been to other facilities previously. This registry is essential for outbreak investigation and tracking the origin of diseases. ,
 7. Risk Factors Related with production and its facilities / Internal,_7_1,"Does the facility culture more than one species in the same production unit (i.e., polyculture)?",0,Yes; No,,"No risk factor associated with this question, the question is intended to collect information about the production",,,Should we move this question to facility general information section?
 7. Risk Factors Related with production and its facilities / Internal,_7_2,"Does the facility have a defined upper limit for aquatic animal density per cage, tank, or unit to be stocked?",1,Yes,1,,,,
,,,,No,0,"High stocking density increases the risk of internal disease transmission. It also serves as a major stressor factor, leading to  reduced oxygen levels, physical injuries, behavioral alterations, and elevated organic loads in the water. These factors cause inmunosupression, resulting in higher susceptibility to infections or infestations.",Spread within,"Define an upper density limit per production unit based on the species cultured,the life stage, water quality, and enviromental conditions",
 7. Risk Factors Related with production and its facilities / Internal,_7_3,How often is the defined upper limit of animal density exceeded?,1,Never,1,,,,
,,,,Rarely,0,"High stocking density increases the risk of internal disease transmission. It also serves as a major stressor factor, leading to  reduced oxygen levels, physical injuries, behavioral alterations, and elevated organic loads in the water. These factors cause inmunosupression, resulting in higher susceptibility to infections or infestations.",Spread within,"Do not exceed the upper animal density limit. Furthermore, this limit should be adjusted when water and environmental conditions may cause stress to the cultured animals. ",
,,,,often,0,,,,
 7. Risk Factors Related with production and its facilities / Internal,_7_4,Does the facility have a designated area for cleaning and disinfecting equipment?,1,Yes,1,,,,
,,,,No,0,Internal spread of pathogens through cross-contamination of equipment during routine cleaning and disinfection,Spread within,"Designate a specific area where equipment can be cleaned and disinfected in an organized and safe manner, avoiding cross-contamination between clean and dirty materials ",
 7. Risk Factors Related with production and its facilities / Internal,_7_5,Does the facility have a sanitaty system including handwashing and disinfecting footwear at the entrances and exits of each production area?,1,Yes ,1,,,,
,,,,No,0,Internal spread of pathogens through footwear and hands ,Spread within,"Install and use footbaths and hand-washing stations at all production area entry points. 
These units should be constructed from non-porous materials resistant to corrosive disinfectants, such as plastic, concrete, steel or alumnium. They may be custom-built or artisanal, as long as they facilitate effective disinfection protocols adapated to the volume of people entering at the property",
"8. Risk Factors related to surveillance and monitoring health and welfare, vaccination  / Internal",_8_1,How often is the abnormal behavior of aquatic animals monitored?,1, At least once a day,1,,,,
,,,,At least once a week,0,Internal spread of pathogens occurring when changes in the aquatic animal behavior and clinical signs go unnoticed due to a lack of inspections,Spread within,Daily monitoring of aquatic animal behavior is essential to quickly identify changes caused by stress factors (such as low oxygen levels) or the presence of disease. This allows for the timely implementation of corrective measures when necessary,
,,,,Never,0,,,,
"8. Risk Factors related to surveillance and monitoring health and welfare, vaccination  / Internal",_8_2,How often is feeding behavior monitored ?,1,At least once a day,1,,,,"Yes/No Score for posible correct answers
One choice answer
The answers were standarized with the questions 8.1 and 8.2 (Dic-25)"
,,,,At least once a week,0,"Internal spread of pathogens occurs when changes in the aquatic animals behavior and clinical signs go unnoticed. Additionally, over-or- under-feeding can lead to water quality degradation and nutritional deficiencies, which increase the suceptibility of the animals to develop disease",Spread Within,Feeding behavior inspections should be conducted daily to quickly identify changes and implement corrective measures when necessary,
,,,,Never,0,,,,
"8. Risk Factors related to surveillance and monitoring health and welfare, vaccination  / Internal",_8_3,How often are clinical signs of diseases monitored ?,1,At least once a day,1,,,,
,,,,At least once a week,0, Internal spread of pathogens occurring when clinical signs go unnoticed due to a lack of inspections,Spread Within,Clinical sings should be inspected daily in order to quickly identify the presence of disease,
,,,,Never,0,,,,
"8. Risk Factors related to surveillance and monitoring health and welfare, vaccination  / Internal",_8_4,How often are necropsies performed as part of the disease monitoring?,1,Never,0,Internal spread of pathogens due to the delayed detection of disease when necropsies are not conducted as part of routione health monitoring,Spread Within,"Routine necropsies should be conducted as part of health monitoring, as well as in the presence of clinical signs or unusual mortality","Yes/No Score for posible correct answers
One choice answer"
,,,,when unusual mortality presented,1,,,,
,,,,When clinical signs of disease present,1,,,,
,,,,at least once a week,1,,,,
"8. Risk Factors related to surveillance and monitoring health and welfare, vaccination  / Internal",_8_5,Are the aquatic animals vaccinated against diseases of concern?,1,Yes ,1,,,,
,,,,No,0,Presence and increased prevalence of diseases that can be prevented by vaccination ,Spread Within,"When available, vaccination against diseases of concern should be included as part of the facility's animal health program  ",
"8. Risk Factors related to surveillance and monitoring health and welfare, vaccination  / Internal",_8_6,"Has there been any sudden, unusual, or elevated mortality in the facility in the last 12 months?",1,Yes ,1,,,,"Score? 
should we add the question related with if the cause of mortality was determined"
,,,,No,0, Rapid Internal spread of pathogens during periods of increased mortality ,Spread within and release ,,
"8. Risk Factors related to surveillance and monitoring health and welfare, vaccination  / Internal",_8_7,Have any of the following stress factors been observed in the two weeks prior to the onset of mortality? ,0,Transportation; Inadequate acclimatization of new fish arriving on-site; Handling operations; Overcrowding; Sudden heavy rainfall; Changes in water quality; Low dissolved oxygen; Algal bloom; Other (specify); Not stress factors observed; ,,"No risk factor associated with this question, the question is intended to collect information regarding the stress factors related to unusual mortality events.",,,
"8. Risk Factors related to surveillance and monitoring health and welfare, vaccination  / Internal",_8_8,How often is mortality removed from the production units?,,As soon as possible (More than once each day),1,,,,
,,,,Daily,1,,,,
,,,,Every 2 to 3 days,0,,,,
,,,,Once a week,0,"Internal spread and release of pathogens occur when mortalities are not removed. Furthermore, even if the cause of dead is non-infectious, the decomposition of carcasses in the water degrades water quality and alters the microbial balance.  This poses a risk for disease transmission, including the emergence of secondary pathogens",Spread within and release,"Mortality must be removed as soon as possible, or at least on a daily basis, to prevent the transmission of diseases-either from infected animals or through changes in the aquatic environment",
,,,, Only when mortality is above normal,0,,,,
,,,,Never,0,,,,
"8. Risk Factors related to surveillance and monitoring health and welfare, vaccination  / Internal",_8_9,How is mortality managed in the facility? (Select all that apply):,1,It is buried,1,,,,"Yes/No Score for posible correct answers
Multiple choice question"
,,,,It is incinerated,1,,,,
,,,, It is discarded in water body,0,Release of pathogens into the surrounding aquatic environment,Release,"Mortalities must not be released into any water source. This prevents the contamination of water, which could affect wild populations, neighboring aquaculture facilities, and downstream human users",
,,,,It is used for composting or silage,1,,,,
,,,,It is used to feed other fish/animals,0,Internal spread and release of pathogens resulting from the use of mortalities as feed,Spread within and release ,"Mortalities must not be used as feed, either alone or in combination with other ingredients ",
,,,,It is delivered to other establishments,0,Release of pathogens via the transport of mortalities to other establishments without verification of the final disposal method,Release,Mortalities must not be delivered to other establishments without verifying the correct final disposal method,
,,,,Human consumption,0,Food safety risk arising from the consumption of decomposed or infected animals ,Release,"Mortalities must not be used for human consumption, as the decomposition process beginds inmediately upon death, posing a significant food safety risk",
,,,,Aquatic animals are not removed,0,Internal spread and release of pathogens when mortalities are not removed.,spread within and release,"Mortality must be removed as soon as possible, or at least on a daily basis, to prevent the transmission of diseases-either from infected animals or through changes in the aquatic environment",
,,,," It is processed for sub-products (feed, oil, etc.) in a disposal plant",1,,,,
"8. Risk Factors related to surveillance and monitoring health and welfare, vaccination  / Internal",_8_10,When are diagnostic tests conducted to detect diseases of concern? (Select all that apply):,1,In the presence of unexplained mortality or morbidity,0.15,,,,
,,,,After the arrival of new aquatic animals to the facility,0.15,,,,
,,,,Before sending aquatic animals to another facility,0.15,,,,
,,,,"Routinely, with a frequency that depends on the specific disease and the time of year",0.15,,,,
,,,,If other facilities in the area have the disease of interest,0.1,,,,
,,,,When the disease clinical signs are not familiar,0.15,,,,
,,,,When treatment /medication does not help,0.15,,,,
,,,,Never,0,"Internal spread and release of pathogens occurs when their presence is not detected; consequently, proper mitigation measures cannot be applied, which also may lead to the improper use of antibiotics.",Spread within and release,"Diagnostic tests should be conducted to detect diseases of concern on a routine basis. Testinf is required: after the arrival of new aquatic animals, before transfering aquatic animals to another facility, in the presence of unexplained mortality and morbidity, when neighboring facilities report new diseases or increasing prevalence, and when treatments ot medications do not work",
"8. Risk Factors related to surveillance and monitoring health and welfare, vaccination  / Internal",_8_11,"What techniques are used in the diagnostic process?  
(Select all that apply)",0,Gross pathology (necropsy and observation of clinical sings); Histopathology; Water quality tests; Bacteriology; Parasitology; ELISA; Molecular techniques (PCR-qPCR-RT-PCR); Sequencing; In situ hybridization; ,,"No risk factor associated with this question, the question is intended to collect information regarding the stress factors related to the diagnostic techniques used for disease identification",,,
"8. Risk Factors related to surveillance and monitoring health and welfare, vaccination  / Internal",_8_12,How often are diagnostic tests conducted on the aquatic animal population?,1,At least once a month,1,,,,"Yes/No Score for posible correct answers
One choice answer"
,,,,At least every 3 months,1,,,,
,,,,At least every 6 months,1,,,,
,,,,Yearly,1,,,,
,,,,Once every production cycle,1,,,,
,,,,Only when needed,0,"Internal spread and release of pathogens occurs when their presence is not detected; consequently, proper mitigation measures cannot be applied, which may also lead to the improper use of antibiotics.",Spread within and release,"Diagnostic tests should be conducted to detect diseases of concern on a routine basis, testing is required: after the arrival of new aquatic animals, before transferring aquatic animals to another facility, in the presence of unexplained mortality and morbidity, when neighboring facilities report new diseases or an increasing prevalence of a disease of interest, and when treatments or medications do not work",
,,,,No diagnostics tests carried out,0,,,,
"8. Risk Factors related to surveillance and monitoring health and welfare, vaccination  / Internal",_8_13,When is a disease reported to the Competent Authority?  (Select all that apply),1,When deaths or illnesses last longer than expected,0.2,,,,
,,,,When treatment/medication doesn't help,0.2,,,,
,,,,When a listed disease is suspected,0.2,,,,
,,,,When the disease is unknown or unusual,0.2,,,,
,,,,When there is a high or unusual mortality,0.2,,,,
,,,,Not applicable as diseases are not present in the facility,0,,,,
,,,,The diseases are not reported to the competent authority,0,"Internal spread and release of pathogens occurs when the presence of diseases or those listed by the competent authority remains unknown. Consequently, proper mitigation and control measures cannot be applied in a timely manner ",Spread within and release,"The presence of unknown or unusual clinical sings, unusual mortality, or the suspicion of listed diseases must be reported to the competent authority. This ensure a confirmed diagnosis and the application of proper mitigation and control mesaures as soon as possible to control or eradicate the disease. Facility personnel should know when and to whon to report, and the notification contact details must be easily accessible",
"8. Risk Factors related to surveillance and monitoring health and welfare, vaccination  / Internal",_8_14,Who performs the sampling in the event of suspected disease presence? (Select all that apply),0,Own staff of the facility; Officials from the competent Authority; Private Vet; An external fish health expert; Not applicable as sample collection is never performed,,"No risk factor associated with this question, the question is intended to collect information regarding personnel responsible for sampling when a disease is suspected",,,
"8. Risk Factors related to surveillance and monitoring health and welfare, vaccination  / Internal",_8_15,Does the facility have a defined process for handling aquatic animals?,1,Yes ,1,,,,Should we reformulate this question to clarify that the biosecurity procedure must be in writing?
,,,,No,0,"Internal transmission of diseases occurs when aquatic animals are not handled according to welfare procedures. Improper handling can cause direct physical lesions or mortality; it also can leads to stress and inmunosupresion, resulting in higher susceptibility to infections or infestations",Spread Within,"Internal procedures must be developed and implemented to ensure aquatic animals are handled correctly, avoiding additional stress and direct injuries. These procedures should specify when and how the animals should be sedated or anesthetized. ",
"8. Risk Factors related to surveillance and monitoring health and welfare, vaccination  / Internal",_8_16,"Is the equipment used to handle aquatic animals designed, constructed, and operated to minimize physical injuries?",1,Yes,1,,,,
,,,,No,0,"Internal transmission of diseases can occur when aquatic animals are handled with inadequate equipment or when its is not operated correctly. This leads direct physical lesions or mortality, as well as stress and inmunosupression, resulting in higher susceptibility to infections or infestations",Spread Within,"Use equipment designed and constructed to handle aquatic animals, and operated it according to procedures to avoid physical injuries or direct mortality",
"8. Risk Factors related to surveillance and monitoring health and welfare, vaccination  / Internal",_8_17,Does the facility have a defined process for loading and unloading aquatic animals that prevents injuries and minimizes stress?,1,Yes ,1,,,,Should we reformulate this question to clarify that the biosecurity procedure must be in writing?
,,,,No,0,"Internal transmission of diseases occurs when aquatic animals are not handled welfare procedures. Improper handling can direct physical lesions or mortality; it also leads to stress and inmunosuppresion, resulting in higher susceptibility to infections or infestations.",Spread Within,Develop and implement internal procedures for the handling of the aquatic animals during loading and unloading to avoid additional stress and direct injuries. These procedures should specify when and how animals should be sedated or anesthezed,
9. Risk Factors related to use and storage of feed and veterinary medicinal products/ Internal,_9_1,How is the feed stored in the facility?  (Select all that apply),1,In a designated area,0.125,,,,"None, was included as an aswer in order to score the risk (0)"
,,,,In closed containers,0.125,,,,
,,,,In a dry area,0.125,,,,
,,,,In an appropiate temperature,0.125,,,,
,,,,Inaccessible to pests,0.125,,,,
,,,,"Inaccessible to toxic elements (pesticides, chemical products, etc)",0.125,,,,
,,,,Using racks and separated of the walls,0.125,,,,
,,,, A clean and organized area,0.125,,,,
,,,,None,0,"Introduction and internal spread of pathogens can occur through feed. If stored under incorrect conditions, feed can become contaminated by toxic elementes, bacteria, or fungi, leading to the development of toxins or mycotoxins than negatively affect the health of the aquatic animals",Introduction and spread within,"Feed should be stored in a designated, dry, clean and organized area at an appropiate temperature. It must be keep in closed containers, inaccessible to pests and toxic elements (pesticides, chemicals, etc), using racks to keep it separated from the walls.  ",
9. Risk Factors related to use and storage of feed and veterinary medicinal products/ Internal,_9_2,How are veterinary medicinal products stored in the facility? (Select all that apply),1,In original packaging with label,0.125,,,,"None, was included as an aswer in order to score the risk (0)"
,,,,"In separated containers for each type of supplies (Vaccine, feed, drugs)",0.125,,,,
,,,,Cool and dry area,0.125,,,,
,,,,In an appropiate temperature,0.125,,,,
,,,,Inaccessible to pest,0.125,,,,
,,,,In a designated area,0.125,,,,
,,,,A clean and organized area,0.125,,,,
,,,,"Inaccessible to toxic elements (pesticides, chemical products, etc)",0.125,,,,
,,,,None,0,"Contamination and quality degradation of veterinary medicinal products occur when this supplies are stored under incorrect conditions. This can lead to direct contamination of the product and the introduction of toxic or biological substances to the stock. furthermore, changes in products quality can result in toxicity or a loss of effectiveness, compromising the success of treatments",Introduction and spread within,"Veterinary medicial products should be stored in a designated, dry, clean and organized area at an appropiate temperature. They must remain in their original packaging with labels intact, in separated containers for each type of supply (e.g., vaccines, feed, drugs), and be inaccessible to pests and toxic elements (pesticides, chemicals, etc).  use racks and ensure they are separated from the walls. ",
9. Risk Factors related to use and storage of feed and veterinary medicinal products/ Internal,_9_3,How often are veterinary medicinal products inspected during storage?,1,Daily (before feeding),1,,,,"Yes/No Score for posible correct answers
One choice answer"
,,,,At least once a week,1,,,,
,,,,At least once a month,1,,,,
,,,,Only when necessary,0,"Contamination and quality degradation of veterinary medicinal products occur when this supplies are stored under incorrect conditions. This can lead to direct contamination of the product and the introduction of toxic or biological substances to the stock. furthermore, changes in products quality can result in toxicity or a loss of effectiveness, compromising the success of treatments",Introduction and spread within,"Veterinary medicial products should be stored in a designated, dry, clean and organized area at an appropiate temperature. They must remain in their original packaging with labels intact, in separated containers for each type of supply (e.g., vaccines, feed, drugs), and be inaccessible to pests and toxic elements (pesticides, chemicals, etc).  use racks and ensure they are separated from the walls. ",
,,,,Never,0,,,,
9. Risk Factors related to use and storage of feed and veterinary medicinal products/ Internal,_9_4,Are the following factors inspected in the feed and veterinary medicinal products storage areas? (Select all that apply),1,Temperature,0.2,,,,
,,,,Humidity level,0.2,,,,
,,,,Lightning conditions,0.2,,,,
,,,,Damage to containers,0.2,,,,
,,,,Pet/ Vector Signs,0.2,,,,
,,,,No factors inspected,0,"Contamination and quality degradation of veterinary medicinal products occur when this supplies are stored under incorrect conditions. This can lead to direct contamination of the product and the introduction of toxic or biological substances to the stock. furthermore, changes in products quality can result in toxicity or a loss of effectiveness, compromising the success of treatments   ",Introduction and spread within,"Veterinary medicial products should be stored in a designated, dry, clean and organized area at an appropiate temperature. They must remain in their original packaging with labels intact, in separated containers for each type of supply (e.g., vaccines, feed, drugs), and be inaccessible to pests and toxic elements (pesticides, chemicals, etc).  use racks and ensure they are separated from the walls. ",
9. Risk Factors related to use and storage of feed and veterinary medicinal products/ Internal,_9_5,How long is the feed stored in the facility?,1,Prepared and used on the same day,1,,,,"Yes/No Score for posible correct answers
One choice answer"
,,,,Less than 2 weeks,1,,,,
,,,,Between 2-4 weeks,1,,,,
,,,,Between 1-3 months,1,,,,
,,,,More than 3 months,0,,,,
,,,,I don’t know,0,"Introduction and internal spread of pathogens can occur through feed. When feed is stored longer than its expiration date, its quality degrades and it becomees more susceptible to contaminantion by toxic elements, bacteria, or fungi. This can lead to the developent of toxins or mycotoxins than negatively affect the health of the aquatic animals",Introduction and spread within," Apply the First-In, First-Out (FIFO) system to ensure feed is not stored beyond its expritation date. Avoing keeping lanrger quantities of feed in storage than are necessary for immediate production needs. ",
9. Risk Factors related to use and storage of feed and veterinary medicinal products/ Internal,_9_6,Are veterinary medicinal products intended for other species used on aquatic animals?,1,Yes ,1,,,,
,,,,No,0,"The use of incorrect dosages or routes of administration when using products intended for other species leads to misuse , a loss  of treatment effectiveness, and the development of antimicrobial resistance. Furthermore, the use of non-species-specific products can lead per se to toxicity, as certain ingredients or excipients used for land-animals can be harmful to fish gills",Spread within,Always use veterinary medicinal products specifically intended for aquatic animals ,
9. Risk Factors related to use and storage of feed and veterinary medicinal products/ Internal,_9_7,What veterinary medicinal products are used in the facility? (Select all that apply),0,"Antibiotics, Antifungals, Antiparasitics, Anesthetic, Vaccines, Autovaccines, Hormones (including sex reversal treatment), Nutritional supplements, No veterinary medicinal products are used at the facility",,"No risk factor associated with this question, the question is intended to collect information regarding the types of veterinary medicial products currently in used",,,
9. Risk Factors related to use and storage of feed and veterinary medicinal products/ Internal,_9_8,Are the veterinary medicinal products used in the facility prescribed by a veterinarian?,1,Yes,1,,,,
,,,,No,0,"Use of incorrect products, dosages or routes of administration, particurlarly when using veterinary medicial products not prescribed by a veterinarian, leads to misuse, a loss of  treatment efectiveness, and the development antimicrobial resistance",Spread within,"Veterinay medicinal products, such as antibiotics, antiparasitics, anesthetics, and vaccines, must be prescribed by a veterinarian. The prescription should be based on a diagnosis and include the commercial name of the product, dosage, duration of treatment and route of administration",
,,,,Does not apply- No veterinary medicinal products are used at the facility,(No score)/1,,,,
9. Risk Factors related to use and storage of feed and veterinary medicinal products/ Internal,_9_9,"If not, who prescribes the use of antibiotics in the facility? (Select all that apply)",0,Feed supplier; Chemical/drug supplier; University student; Staff on the establishment; Other establishments; Other experts/professionals ;Does not apply- No antibiotics are used on the facility,,"No risk factor associated with this question, the question is intended to collect information regarding the personnel responsible for prescribing antibiotics",,,
9. Risk Factors related to use and storage of feed and veterinary medicinal products/ Internal,_9_10,Are veterinary medicinal products used in accordance with the veterinarian's instructions?,1,Yes,1,,,,enlazada con 9.8
,,,,No,0,,,,
,,,,Does not apply- No veterinary medicinal products are used at the facility,(No score)/1," The use of incorrect product, dosages or routes of administration, particurlarly when using veterinary medicial products not prescribed by a veterinarian or failling to follow their instructions, leads to misuse, a loss of  treatment efectiveness and antimicrobial resistance",Spread within,"Veterinay medicinal products, such as antibiotics, antiparasitics, anesthetics and vaccines, must be prescribed by- and  used according to the instructions given by-a veterinarian. The prescription should be based on diagnosis and include the commercial name of the product, dosage, duration of treatment and route of administration. ",
9. Risk Factors related to use and storage of feed and veterinary medicinal products/ Internal,_9_11,Which of the following antibiotics have been used in the facility in the last 12 months? (Select all that apply),0,Oxytetracycline; Florfenicol; Sulfadiazine-trimethoprim; Chlortetracycline; Amoxicillin; Flumequine; Oxolinic acid; Azithromycin; Ciprofloxacin; No antibiotics are used at the facility,,"No risk factor associated with this question, the question is intended to collect information regarding which antibiotocs have been used in the last 12 monts",,,
9. Risk Factors related to use and storage of feed and veterinary medicinal products/ Internal,_9_12,"If antibiotics are used in feed, are they mixed on the farm, or is medicated feed supplied?",0,Mixed yourself; Supplied medicated feed; Does not apply- No antibiotics are used at the facility,,"No risk factor associated with this question, the question is intended to collect information regarding the method of antibiotic administration",,,
9. Risk Factors related to use and storage of feed and veterinary medicinal products/ Internal,_9_13,"What are the reasons antibiotic treatments used in the facility? 
(Select all that apply)",1,Prevent diseases,0,,,, the propper use was added as amswer: treat bacterial infections with a confimed diagnosis!!
,,,,Treat sick animals and reduce mortality rates without a confirmed diagnosis,0,,,,
,,,,Eliminate pathogenic bacteria in water and/or soil,0,"Internal spread and release of pathogens can occur when treatments fail. Furthermore, antimicrobial resistance (AMR) can develop from the prophylactic use of antibiotics in the absence of disease, such as when used for weight gain (growth promoters), the treatment of water or soil, or wheb administrated without a confirmed diagnosis or for non-bacterial infections. ",Spread within,"The use of antibiotics is restricted to cases with a confirmed bacterial infection diagnosis, and as previously stated, must be prescribed by a veterinarian.",
,,,,Improve weigh gain (growth promoters),0,,,,
,,,,Treat Viral infections,0,,,,
,,,,Treat Parasitic infections,0,,,,
,,,,Treat fungal infections,0,,,,
,,,,Treat bacterial infections with a confimed diagnosis,1,,,,
,,,,Does not apply- No antibiotics are used at the facility,(No score)/1,,,,
9. Risk Factors related to use and storage of feed and veterinary medicinal products/ Internal,_9_14,Is a susceptibility test performed before using antibiotics in the facility?,1,Yes,1,,,,
,,,,No,0,"Internal spread and release of diseases can occur when an incorrect antibiotic is used or when treatment and control measures fail. Furthermore, the risk of antimicrobial resistance (AMR) increases when an antibiotic is chosen without a previous susceptibility test. ",Spread within ,"Once the bacterial infection is confirmed and an antbiotic treatment is needed, a susceptibility test should be performed to choose the best option to treat and control the disease. ",
,,,,Does not apply- No antibiotics are used at the facility,(No score)/1,,,,
9. Risk Factors related to use and storage of feed and veterinary medicinal products/ Internal,_9_15,Are the withdrawal times for veterinary medicinal products known and followed?,1,Yes,1,,,,
,,,,No,0,"Non-compliance with withdrawal periods after the use veterinary medicinal products can lead to food safety and human health risks, such as allergic reacctions and the spread of antimicrobial resistance (AMR)",Food safety,The withdrawal periods for veterinary medicinal products must be strictly complied with. Batches under treatment should be monitored closely and sent to the processing plant for human consumption only once the withdrawal time has been completed.,
,,,,Does not apply- No veterinary medicial products are used at the facility,(No score)/1,,,,
9. Risk Factors related to use and storage of feed and veterinary medicinal products/ Internal,_9_16,Is there visible signage to identify cages or ponds under veterinary treatment?,1,Yes,1,,,,
,,,,No,0,"Non-compliance with withdrawal periods after the use veterinary medicinal products can lead to food safety and human health risks, such as allergic reacctions and the spread of antimicrobial resistance (AMR)",Food safety,"To avoid mistakes in identifying and monitoring batches under treatment, visible signage for tanks, cages or ponds should be implemented throughout the facility. Examples include flags, labels, and color-codes tapes. ",
,,,,Does not apply- No antibiotics are used at the facility,(No score)/1,,,,
9. Risk Factors related to use and storage of feed and veterinary medicinal products/ Internal,_9_17,Are adverse reactions to veterinary medicinal products reported to the Competent Authority?,1,Yes,1,,,,
,,,,No,0,"Adverse reactions can lead to stress, physical injuries, and  immunosupression, resulting in higher susceptibility to diseaes. Furhtermore, treatment failure is also considered an adverse reaction. When these events are not reported, the situation is likely to recur within the facility, and potentially others without the implementation of corrective or follow-up actions",Food safety,"Adverse reaccionts including treatment failure, should be reported to the competent authority as part of the pharmacovigilance system. This ensures that the necessary follow-up and corrective measures can be implemented",
,,,,Does not apply- No veterinary medicial products are used at the facility,(No score)/1,,,,
"10. Risk factors related to equiment, desinfection and mangement /Internal",_10_1,Are equipment/materials shared between ponds/cages within the same facility?,1,Yes ,0,Internal transmission of pathogens through fomites occurs when equipment is shared between different batches within the facility,Spread within,"Equipment should not be shared between different batches or production areas with varying risk levels. In exceptional cases where sharing is necessary, the equipment must be thoroughly cleaned and disinfected both before and after use throughout the facility. ",
,,,,No,1,,,,
"10. Risk factors related to equiment, desinfection and mangement /Internal",_10_2,Are shared equipment/materials between different tanks/cages in the same facility cleaned and disinfected?,1,"Yes, before and after use",1,,,,One choice question
,,,,"Yes, but only before it is used",0,Internal transmission of pathogens through fomites occurs when equipment is shared between different batches within the facility,Spread within,"Equipment should not be shared between different batches or production areas with varying risk levels. In exceptional cases where sharing is necessary, the equipment must be thoroughly cleaned and disinfected both before and after use throughout the facility. ",
,,,,"Yes, but only after it's used",0,,,,
,,,,No,0,,,,
"10. Risk factors related to equiment, desinfection and mangement /Internal",_10_3,Are there separate equipment for handling dead/moribound aquatic animals?,1,Yes ,1,,,,
,,,,No,0,Internal transmission of pathogens occurs through cross-contamination by fomites when the same equipment is used for handling dead or moribund animals and apparently healthy animals,Spread within,"Use exclusive equipment to handle sick, dead, and moribund animals ",
"10. Risk factors related to equiment, desinfection and mangement /Internal",_10_4,Are the facilities/nets/cages for holding animals cleaned and disinfected before introducing new animals?,1,Yes,1,,,,Should we joint the questions 10.4 and 10.5 in order to ask if the facilities/nets/cages are cleaned and disinfected before and after use?
,,,,No,0,"Internal transmission of pathogens occurs throught cross-contamination when new stocks is cultured in facilities,nets or cages that held other animals without proper cleaning and disinfection",Spread within,"Implement cleaning and disinfection routines after each use of facilities, nets, and cages, and before new animals arrive- to avoid cross-contamination between incoming batches",
"10. Risk factors related to equiment, desinfection and mangement /Internal",_10_5,Are the facilities/nets/cages for holding animals cleaned and disinfected after the animals leave the facilities?,1,Yes,1,,,,Should we joint the questions 10.4 and 10.5 in order to ask if the facilities/nets/cages are cleaned and disinfected before and after use?
,,,,No,0,"Internal transmission of pathogens occurs throught cross-contamination when new stocks is cultured in facilities,nets or cages that held other animals without proper cleaning and disinfection",Spread within,"Implement cleaning and disinfection routines after each use of facilities, nets, and cages, and before new animals arrive- to avoid cross-contamination between incoming batches",
"10. Risk factors related to equiment, desinfection and mangement /Internal",_10_6,Is fallowing conducted before introducing new animals?,1,Yes,1,,,,"Should we include a question regarding the implementation of 'all-in/all-out' management? This is critical for reducing disease transmission risk, especially in cage production systems"
,,,,No,0,Internal transmission and release of pathogens through cross-contamination when new stock is introduced without a fallow period to break the Pathogens lifecycle ,Spread within and release,Fallowing must be conducted after cleaning and disinfection procedures are completed. The durantion of the fallowing should be determined based on the specidifc pathogens to be excluded. An all-in/all-out management system should be applied in cages systems and whenever possible for stocking during the grow-out stage ,
"10. Risk factors related to equiment, desinfection and mangement /Internal",_10_7,Is soil treatment carried out in earth ponds?,0,Yes,1,,,,
,,,,No,0,Internal transmission of pathogens occurs through vectors and contimaned soil when the treatment of earth ponds bottoms is not propperly carried out. ,Spread within,"When the production is conduncted in earth ponds, soil treatment should be applied to reduce the survival and proliferation of pathogenic agents, while increasing the availability of beneficial flora and nutrients. ",
"10. Risk factors related to equiment, desinfection and mangement /Internal",_10_8,How often is the equipment used for handling aquatic animals cleaned and disinfected?,1,After each use,1,,,,"Yes/No Score for posible correct answers
One choice answer"
,,,,Daily,1,,,,
,,,,Weekly,0,,,,
,,,,Monthly,0,Internal transmission of pathogens occurs through fomites when equipment is used for handling aquatic Animals does not undergo a proper cleaning and disinfection process,Spread within,"Implement cleaning and disinfection routines after each use, or at least as part of a daily routine, to avoid cross-contamination between batches",
,,,,Never,0,,,,
"10. Risk factors related to equiment, desinfection and mangement /Internal",_10_9,"Does the facility use pesticides, insecticides, piscicides, or herbicide treatments?",1,Yes,1,,,,No score this question?
,,,, No,0,"Internal transmission of pathogens occurs through vectors such as pests, insects, wild fish and other animals. ",Spread within,"When necessary apply pesticides, insecticides, piscicides, or herbicides at the facility to protect stocked animals from vector-borne disease transmission.",
"10. Risk factors related to equiment, desinfection and mangement /Internal",_10_10,"If yes, how are these treatments applied?",0,In feed; In water; in the surroindings,,"No risk factor associated with this question, the question is intended to collect information on how treatments are administrated",,,
"10. Risk factors related to equiment, desinfection and mangement /Internal",_10_11,"Does the facility use fertilizers, probiotics, or prebiotics treatments?",1,Yes,1,,,,No score this question?
,,,, No,0,"Internal tranmission of pathogens is driven by an imbalance in the aquatic enviroment, leading to compromised water quality paramenters and an increased concentration of patogenic agents in the soil and water used in the production system",Spread within,"Implement treatments such as fertilizers, probiotics, or prebiotics to  reduce the survival of pathogenic agents, and increase the availability of beneficial flora and nutrients ",
"10. Risk factors related to equiment, desinfection and mangement /Internal",_10_12,Does the facility use fresh feces from other animals as fertilizer for the ponds/thanks?,1,Yes,0,The introduction and internal spread of pathogens can occur through the use fresh feces to fertlize ponds or tanks,Introduction and spread within,"Fresh feces from any type of animals must be used to fertilize ponds or tanks. When using organic fertilizers, a sanitization process must be applied to eliminate pathogenic agents from these products",
,,,,No,1,,,,
"10. Risk factors related to equiment, desinfection and mangement /Internal",_10_13,Is debris and waste removed regularly from the facility?,1,Yes ,1,,,,
,,,,No,0,Internal transmission and release of pathogens through the acumulation debris and waste stored for long periods within the facility,Spread whitin and realease,"Debris and waste should be removed from the facility on a frequent basis. Avoiding their storage and accumulation prevents the creation of spaces where pests can hide, nest and reproduce. ",
"10. Risk factors related to equiment, desinfection and mangement /Internal",_10_14,Do personnel always wash and sanitize their hands after contact with sick or dead aquatic animals?,1,Yes ,1,,,,Question already covered in 6.3-Errase
,,,,No,0,Internal transmission of pathogens occurs via the hands of personnel after contact with sick or dead animals,Spread within,Personnel must wash and sanitize their hands inmediately following contact with sick or dead animals,
"10. Risk factors related to equiment, desinfection and mangement /Internal",_10_15,"Are personnel familiar with or trained in the following topics?  
(Select all that apply)",1,Officially listed diseases,0.2,,,,
,,,,Animal welfare and normal behavior of the animals,0.1,,,,
,,,,General signs of disease,0.2,,,,
,,,,Handling aquatic animals,0.1,,,,
,,,,Humane killing of aquatic animals,0.1,,,,
,,,,Dead animal management procedures,0.1,,,,
,,,,Cleaning and disinfection procedures,0.1,,,,
,,,,Use of veterinary medicinal products,0.1,,,,
,,,,None,0,"The introduction, internal spread and release of pathogens are often linked to a lack of personnel knowledge regarding daily activities, animal handling, welfare, and the early detection of diseases","Introduction, spread within and release","Personnel working in the production area must be trained in and familiar with: officially listed diseases, animal welfare and normal behavior, general signs of disease, handling and humane slaughter of aquatic animals, mortality management, cleaning and disinfection procedures, and the correct use of veterinary medicinal products",
"10. Risk factors related to equiment, desinfection and mangement /Internal",_10_16,How often do personnel receive training on biosecurity?,1,At least one a year,1,,,,"Yes/No Score for posible correct answers
One choice answer"
,,,,At least one every two years,1,,,,
,,,,At least one every three years,1,,,,
,,,,Never,0,"The introduction, internal spread and release of pathogens are often linked to a lack of personnel knowledge regarding daily activities, animal handling, welfare, and the early detection of diseases","Introduction, spread within and release","Training of the topics listed above should be updated on a regular basis, with refreshers conducted at least every one to three years ",
11. Risk factors related to standard operating procedures (SOPs) and recordkeeping /Internal,_11_1,Has the facility implemented a biosecurity plan?,1,Yes ,1,,,,
,,,,No,0,"The introduction, internal spread, and release of pathogens occur when measures are not applied on daily or routine basis, are inconsistent, or are not prioritized accoridng to the risk they represent. This risk is compounded when measures are not formally documented or applied in alignment with a side-specific biosecurity plan developed.","Introduction, spread within and release","The facility must maintain a written biosecurity program based on prioritized measures designed to mitigate the risk of pathogen introduction, spread within, and release from the facility",
11. Risk factors related to standard operating procedures (SOPs) and recordkeeping /Internal,_11_2,"Who developed or verified the biosecurity plan? 
(Select all that apply)",0,Official/governmental authority,,,,,
,,,," Private organization (e.g., BP or ISO)",,"No score, this question is intended to collect information",,,
,,,,Internal team without external verification,,,,,
11. Risk factors related to standard operating procedures (SOPs) and recordkeeping /Internal,_11_3,Do personnel have access to the biosecurity plan?,1,Yes,1,,,,
,,,,No,0,"Introduction, internal spread and release of pathogens are caused by a lack of personnel awareness regarding the biosecurity plan, leading to inconsistent, or omitted application of application of the measures","Introduction, spread within and release",The biosecurity plan should be communicated to all personnel and made readily available for consultation,
11. Risk factors related to standard operating procedures (SOPs) and recordkeeping /Internal,_11_4,How often is the biosecurity plan reviewed?,1,Once a year,1,,,,"Yes/No Score for posible correct answers
One choice answer"
,,,,Once every two years,1,,,,
,,,,Once every three years,0,"The introduction, internal spread, and release of pathogens occur when biosecurity measures are not adjusted and updated in accordance with the evolving risks and changes occurring within the facility ","Introduction, spread within and release","The biosecurity plan should be revised and updated on a regular basis  to adapt and modify measures as necessary, in accordance with the identified risks",
,,,,Never,0,,,,
11. Risk factors related to standard operating procedures (SOPs) and recordkeeping /Internal,_11_5,"Do you keep a record of the following routine practices? (Select all that apply)
",1,Mortality and necropsy reports,0.1,,,,
,,,,Health status and laboratory test results,0.1,,,,
,,,,Origin of animals/ Genetic Material,0.1,,,,
,,,,Stocking densities/ Animals per cage/tank/pond,0.1,,,,
,,,,Water parameters,0.1,,,,
,,,,Visitors (People and vehicles),0.1,,,,
,,,,Feeding/ Grow rate,0.1,,,,
,,,,"Daily inspections (feeding behavior, swimming, clinical signs, sanitary inspection)",0.1,,,,
,,,,Veterinary treatments and prescriptions (including vaccination),0.1,,,,
,,,,Pests control,0.1,,,,
,,,,No records available,0,"Pathogen spread within and release from the facility occur due to a lack of information needed for animal health and production decision-making, early disease detection, and monitoring of production parameter variations. This includes the failure to update the biosecurity program based on current data.",Spread within and release,"The facility must maintain comprehensive records of routine practices and animal health data, including: mortalities, necropsies, health status, and laboratory results. Documentation must also cover the origin of animals/genetic material, stocking densities, water parameters, visitros logs, feed/growth rates, daily inspections, veterinary prescriptions, and pest control.",
11. Risk factors related to standard operating procedures (SOPs) and recordkeeping /Internal,_11_6,How long are these records kept?,0,Less than one year; One year; Two years; More than three years; No records available,,"No risk factor associated with this question, the question is intended to collect information regarding how long the records are kept ",,,
11. Risk factors related to standard operating procedures (SOPs) and recordkeeping /Internal,_11_7,Do you have written Standard Operating Procedures (SOPs) for the following routine practices? (Select all that apply),1,Mortality (management and disposal),0.1,,,,
,,,,Management of new animals (quarantine),0.1,,,,
,,,,Screening of water quality and corrective actions when needed,0.1,,,,
,,,,"Biosecurity measures for visitors (people, vehicles and equipment)",0.1,,,,
,,,,Animal Health Program,0.1,,,,
,,,,Contingency or emergency plan for diseases outbreaks and notification of unusual mortality,0.1,,,,
,,,,"Daily inspections (feeding behavior, swimming)",0.1,,,,
,,,,Necropsy and sampling procedures,0.1,,,,
,,,,Vaccination procedure,0.05,,,,
,,,,Pests control,0.05,,,,
,,,,Movement of animals,0.1,,,,
,,,,No SOPs available,0,The internal spread and release of diseases occur when biosecurity measures are not applied on a routine basis or are implemented inconsistently. This risk is heightened when Standard Operating Procedures (SOPs) are not documented or followed accordance with a site-specific biosecurity plan,Spread within and release,"The facility must develop and implement written Standard Operating Procedures (SOPs) for the following routine practices: Mortality mangement and disposal, quarantine of new animals, water quality screening (inlcuding corrective actions), and biosecurity protocols for visitors, vehicles and equipment. Additionaly, SOPs must cover the animal health program, disease outbreak contigency plans, notification of unusual mortality, daily inspections, necropsy and sampling, vaccination, pest control and animal movement ",
11. Risk factors related to standard operating procedures (SOPs) and recordkeeping /Internal,_11_8,How are the records available? (Select all that apply),0,Digital- Excel;Digital- App or private system;Notebooks;Preprinted form;The facility does not have records of routine practices,,"No risk factor associated with this question, the question is intended to collect information regarding how records are mantained and made available",,,
,,,,,,,,,
,,Total Questions: 140 (Include Facilities general info). Revise the number of risk factors again.,,,,,,,
,,"Update: 15 Dic. Se reviso la logica de omision. Observaciones y algunas respuestas agregadas. 
16 de Dic: Se revisaron los comentarios,quedan resaltados en amarillo a discutir y acordar con saraya.
26 Dic: Se finalizo redaccion factores de riesgo y medidas de prevencion. falta revisar su redaccion y continuar con esta hoja para priorizar factores de riesgos para pequeños productores",,,,,,,